p_o|p_d|t_1|t_2|demand
72|198|1|2|488.72
72|198|2|3|602.22
72|198|3|4|494.37
72|198|4|6|459.39
72|198|5|6|457.2
72|198|6|8|466.16
72|198|7|8|429.05
72|198|8|9|440.46
72|198|9|11|439.85
72|198|10|11|558.26
72|198|11|12|441.96
72|198|12|14|636.62
72|198|13|15|546.76
72|198|14|15|452.5
72|198|15|16|514.88
72|198|16|17|636.67
72|198|17|18|539.24
72|198|18|20|643.22
72|198|19|21|467.02
72|198|20|21|495.19
72|198|21|22|573.99
72|198|22|24|583.82
72|198|23|24|462.65
72|198|24|26|670.37
72|198|25|27|543.7
72|198|26|27|452.73
72|198|27|29|491.21
72|198|28|29|473.51
72|198|29|30|463.51
72|198|30|31|597.73
72|198|31|32|440.29
72|198|32|34|572.52
72|198|33|34|548.31
72|198|34|36|533.36
72|198|35|36|431.01
72|198|36|37|461.44
72|198|37|38|470.73
72|198|38|40|551.42
72|198|39|40|427.61
72|198|40|42|423.62
72|198|41|43|415.72
72|198|42|43|533.71
72|198|43|44|498.8
72|198|44|45|461.96
72|198|45|46|454.71
72|198|46|48|468.43
72|198|47|49|476.45
72|198|48|49|447.26
72|198|49|51|548.1
72|198|50|52|502.25
72|198|51|1|533.87
72|198|52|2|457.19
72|216|1|2|8.39
72|216|2|4|9.95
72|216|3|5|7.07
72|216|4|6|9.77
72|216|5|7|7.33
72|216|6|8|8.12
72|216|7|9|9.1
72|216|8|10|6.71
72|216|9|11|7.26
72|216|10|11|7.33
72|216|11|13|9.67
72|216|12|14|8.45
72|216|13|14|6.88
72|216|14|16|9.77
72|216|15|16|9.35
72|216|16|17|8.78
72|216|17|18|7.64
72|216|18|20|8.56
72|216|19|21|7.53
72|216|20|21|8.49
72|216|21|23|7.98
72|216|22|24|8.79
72|216|23|24|7.71
72|216|24|26|8.78
72|216|25|27|9.42
72|216|26|27|9.51
72|216|27|28|9.06
72|216|28|29|9.2
72|216|29|31|9.71
72|216|30|32|7.18
72|216|31|33|8.51
72|216|32|33|8.85
72|216|33|35|8.21
72|216|34|35|7.18
72|216|35|37|8.03
72|216|36|37|6.31
72|216|37|38|9.15
72|216|38|40|7.4
72|216|39|41|7.71
72|216|40|41|6.33
72|216|41|43|7.09
72|216|42|44|8.55
72|216|43|44|6.55
72|216|44|46|8.04
72|216|45|46|8.09
72|216|46|47|8.51
72|216|47|49|8.11
72|216|48|49|8.92
72|216|49|51|8.9
72|216|50|52|7.08
72|216|51|52|6.34
72|216|52|1|7.74
72|469|1|2|228.08
72|469|2|4|344.3
72|469|3|5|246.64
72|469|4|6|293.65
72|469|5|7|247.52
72|469|6|8|338.9
72|469|7|8|328.29
72|469|8|10|337.04
72|469|9|10|280.34
72|469|10|11|251.27
72|469|11|12|309.43
72|469|12|14|326.54
72|469|13|15|353.83
72|469|14|16|336.05
72|469|15|16|359.6
72|469|16|18|302.06
72|469|17|19|338.09
72|469|18|20|256.64
72|469|19|20|357.78
72|469|20|22|305.37
72|469|21|23|289.06
72|469|22|23|277.12
72|469|23|24|342.04
72|469|24|25|349.37
72|469|25|27|250.92
72|469|26|28|310.07
72|469|27|28|308.65
72|469|28|29|358.12
72|469|29|30|329.91
72|469|30|31|275.01
72|469|31|33|246.92
72|469|32|33|332.84
72|469|33|35|257.44
72|469|34|35|269.55
72|469|35|36|243.46
72|469|36|38|237.58
72|469|37|38|299.06
72|469|38|39|240.23
72|469|39|40|283.41
72|469|40|41|231.45
72|469|41|42|281.2
72|469|42|44|223.05
72|469|43|45|254.5
72|469|44|45|255.87
72|469|45|46|258.54
72|469|46|47|270.25
72|469|47|49|276.97
72|469|48|49|307.24
72|469|49|51|298.43
72|469|50|52|262.06
72|469|51|1|296.66
72|469|52|2|233.11
72|689|1|2|902.21
72|689|2|3|1069.16
72|689|3|5|1082.29
72|689|4|6|1131.47
72|689|5|7|971.78
72|689|6|7|1021.26
72|689|7|8|807.68
72|689|8|10|1059.26
72|689|9|10|1063.14
72|689|10|12|928.18
72|689|11|13|1181.38
72|689|12|14|784.77
72|689|13|15|910.03
72|689|14|15|826.41
72|689|15|17|1059.76
72|689|16|18|1062.65
72|689|17|19|1009.9
72|689|18|19|1197.82
72|689|19|21|1058.82
72|689|20|22|917.17
72|689|21|22|881.22
72|689|22|23|894.11
72|689|23|25|1075.67
72|689|24|25|1134.43
72|689|25|26|1212.17
72|689|26|27|1138.3
72|689|27|28|826.28
72|689|28|30|910.09
72|689|29|31|1189.69
72|689|30|31|828.52
72|689|31|33|927.88
72|689|32|33|971.67
72|689|33|35|1028.35
72|689|34|35|822.37
72|689|35|37|814.19
72|689|36|37|848.23
72|689|37|39|1016.28
72|689|38|40|1110.84
72|689|39|41|996.29
72|689|40|42|1034.68
72|689|41|43|798.86
72|689|42|43|847.33
72|689|43|44|748.36
72|689|44|45|711.53
72|689|45|47|814.22
72|689|46|48|963.1
72|689|47|48|983.82
72|689|48|50|826.02
72|689|49|50|1065.39
72|689|50|52|1100.79
72|689|51|52|1076.29
72|689|52|1|747.86
72|780|1|2|1339.97
72|780|2|3|1661.7
72|780|3|5|1485.36
72|780|4|6|1289.94
72|780|5|6|1344.47
72|780|6|7|1305.1
72|780|7|9|1324.35
72|780|8|10|1193.76
72|780|9|10|1389.54
72|780|10|12|1627.55
72|780|11|12|1237.22
72|780|12|13|1333.6
72|780|13|14|1416.05
72|780|14|16|1341.7
72|780|15|16|1585.04
72|780|16|17|1630.64
72|780|17|19|1726.28
72|780|18|20|1592.65
72|780|19|20|1851.61
72|780|20|22|1894.74
72|780|21|22|1767.85
72|780|22|23|1654.57
72|780|23|25|1832.85
72|780|24|26|1575.66
72|780|25|26|1283.97
72|780|26|27|1754.66
72|780|27|28|1623.33
72|780|28|30|1751.81
72|780|29|31|1517.73
72|780|30|31|1300.81
72|780|31|33|1199.74
72|780|32|33|1219.57
72|780|33|34|1478.61
72|780|34|36|1341.4
72|780|35|36|1613.8
72|780|36|38|1460.27
72|780|37|38|1683.74
72|780|38|40|1780.32
72|780|39|41|1451.53
72|780|40|41|1273.25
72|780|41|43|1118.01
72|780|42|43|1452.27
72|780|43|45|1308.99
72|780|44|46|1557.3
72|780|45|47|1489.3
72|780|46|47|1587.37
72|780|47|49|1550.73
72|780|48|50|1288.01
72|780|49|50|1566.41
72|780|50|52|1335.07
72|780|51|52|1337.93
72|780|52|1|1195.39
72|963|1|2|0.68
72|963|2|4|0.89
72|963|3|4|0.98
72|963|4|5|0.83
72|963|5|7|0.95
72|963|6|8|0.73
72|963|7|8|0.87
72|963|8|10|0.88
72|963|9|10|0.74
72|963|10|11|0.91
72|963|11|12|0.97
72|963|12|13|0.89
72|963|13|15|0.8
72|963|14|15|0.71
72|963|15|17|0.79
72|963|16|17|0.98
72|963|17|19|0.84
72|963|18|19|0.84
72|963|19|21|1.02
72|963|20|22|0.92
72|963|21|23|0.7
72|963|22|24|0.7
72|963|23|24|0.72
72|963|24|26|0.9
72|963|25|27|0.83
72|963|26|28|0.98
72|963|27|28|0.69
72|963|28|29|0.86
72|963|29|30|0.92
72|963|30|31|0.95
72|963|31|32|0.83
72|963|32|33|0.69
72|963|33|34|0.74
72|963|34|36|0.78
72|963|35|36|0.83
72|963|36|38|0.7
72|963|37|39|0.77
72|963|38|40|0.76
72|963|39|41|0.93
72|963|40|41|0.65
72|963|41|42|0.64
72|963|42|43|0.9
72|963|43|44|0.74
72|963|44|45|0.78
72|963|45|47|0.73
72|963|46|48|0.74
72|963|47|48|0.89
72|963|48|50|0.75
72|963|49|50|0.79
72|963|50|52|0.86
72|963|51|52|0.82
72|963|52|2|0.7
72|1056|1|2|409.8
72|1056|2|4|609.13
72|1056|3|5|612.22
72|1056|4|5|459.2
72|1056|5|6|446.27
72|1056|6|8|586.85
72|1056|7|9|401.93
72|1056|8|9|511.05
72|1056|9|11|516.22
72|1056|10|12|620.25
72|1056|11|12|610.9
72|1056|12|14|552.54
72|1056|13|15|574.28
72|1056|14|16|466.98
72|1056|15|17|622.07
72|1056|16|17|555.87
72|1056|17|18|629.77
72|1056|18|20|488.73
72|1056|19|20|504.38
72|1056|20|22|478.65
72|1056|21|23|602.81
72|1056|22|24|451.22
72|1056|23|25|580.95
72|1056|24|26|628.21
72|1056|25|27|555.12
72|1056|26|28|479.08
72|1056|27|28|619.54
72|1056|28|30|517.49
72|1056|29|31|445.67
72|1056|30|32|564.14
72|1056|31|33|555.89
72|1056|32|33|437.32
72|1056|33|34|570.58
72|1056|34|36|469.11
72|1056|35|37|556.08
72|1056|36|37|487.62
72|1056|37|38|502.42
72|1056|38|39|433.13
72|1056|39|41|489.78
72|1056|40|42|490.35
72|1056|41|43|468.76
72|1056|42|44|449.75
72|1056|43|45|375.21
72|1056|44|45|362.51
72|1056|45|47|478.7
72|1056|46|47|415.13
72|1056|47|48|489.8
72|1056|48|50|512.31
72|1056|49|51|442.23
72|1056|50|51|437.05
72|1056|51|52|395.28
72|1056|52|2|411.68
198|72|1|3|875.36
198|72|2|3|795.26
198|72|3|4|920.67
198|72|4|5|878.81
198|72|5|6|911.83
198|72|6|8|860.87
198|72|7|9|785.34
198|72|8|10|920.16
198|72|9|11|732.23
198|72|10|11|762.26
198|72|11|13|670.41
198|72|12|14|746.86
198|72|13|14|734.39
198|72|14|16|460.35
198|72|15|17|510.55
198|72|16|17|416.57
198|72|17|19|500.6
198|72|18|20|547.88
198|72|19|21|557.08
198|72|20|22|687.46
198|72|21|22|773.78
198|72|22|24|782.84
198|72|23|24|751.87
198|72|24|25|809.39
198|72|25|26|647.34
198|72|26|28|581.84
198|72|27|29|733.73
198|72|28|29|856.58
198|72|29|30|839.66
198|72|30|31|599.66
198|72|31|32|602.39
198|72|32|33|741.47
198|72|33|34|609.61
198|72|34|36|775.51
198|72|35|36|634.26
198|72|36|37|781.16
198|72|37|39|837.19
198|72|38|39|802.22
198|72|39|41|647.75
198|72|40|41|771.9
198|72|41|43|604.88
198|72|42|43|497.65
198|72|43|44|512.75
198|72|44|46|740.81
198|72|45|47|783.34
198|72|46|47|727.98
198|72|47|48|724.69
198|72|48|49|747.25
198|72|49|51|769.54
198|72|50|52|800.86
198|72|51|1|808.09
198|72|52|1|730.61
198|258|1|3|292.58
198|258|2|3|304.06
198|258|3|4|320.31
198|258|4|6|347.16
198|258|5|6|281.36
198|258|6|8|330.36
198|258|7|9|302.8
198|258|8|10|326.08
198|258|9|11|354.61
198|258|10|11|234.02
198|258|11|12|233.13
198|258|12|13|220.01
198|258|13|15|238.27
198|258|14|16|212.12
198|258|15|17|188.23
198|258|16|17|223.26
198|258|17|18|188.42
198|258|18|19|289.04
198|258|19|21|278.08
198|258|20|21|281.34
198|258|21|22|254.75
198|258|22|23|305.44
198|258|23|25|319.3
198|258|24|26|332.49
198|258|25|27|250.89
198|258|26|28|317.05
198|258|27|29|258.93
198|258|28|30|336.55
198|258|29|31|332.07
198|258|30|31|300.78
198|258|31|32|246.11
198|258|32|33|249.06
198|258|33|35|283.58
198|258|34|36|342.18
198|258|35|37|270.26
198|258|36|37|336.13
198|258|37|38|269.92
198|258|38|40|310.85
198|258|39|40|260.72
198|258|40|42|310.58
198|258|41|42|299.73
198|258|42|44|222.23
198|258|43|44|286.74
198|258|44|45|228.06
198|258|45|46|300.76
198|258|46|48|229.75
198|258|47|49|297.0
198|258|48|50|240.8
198|258|49|50|291.1
198|258|50|52|264.18
198|258|51|52|272.73
198|258|52|2|238.79
198|780|1|2|9657.51
198|780|2|4|10235.45
198|780|3|4|11137.91
198|780|4|5|8738.21
198|780|5|7|10800.29
198|780|6|8|9176.6
198|780|7|8|10793.35
198|780|8|9|9502.83
198|780|9|11|12245.38
198|780|10|11|11012.61
198|780|11|12|10329.82
198|780|12|14|10277.97
198|780|13|15|7890.99
198|780|14|15|8698.6
198|780|15|16|7857.59
198|780|16|17|9851.55
198|780|17|18|9851.93
198|780|18|20|8000.61
198|780|19|20|10131.38
198|780|20|22|7682.87
198|780|21|22|9436.95
198|780|22|23|10936.6
198|780|23|25|10682.09
198|780|24|26|8274.19
198|780|25|27|9236.23
198|780|26|28|7684.34
198|780|27|29|8483.05
198|780|28|30|9074.62
198|780|29|30|10059.5
198|780|30|31|9572.69
198|780|31|33|9017.28
198|780|32|34|10170.25
198|780|33|34|8005.44
198|780|34|36|8002.63
198|780|35|36|8678.98
198|780|36|38|8437.96
198|780|37|38|9109.15
198|780|38|39|9762.36
198|780|39|41|7546.36
198|780|40|41|10196.7
198|780|41|42|8679.53
198|780|42|44|8617.5
198|780|43|45|10686.26
198|780|44|46|8773.77
198|780|45|47|11026.76
198|780|46|47|8132.1
198|780|47|48|11043.61
198|780|48|50|8438.61
198|780|49|51|11425.55
198|780|50|51|8091.08
198|780|51|1|10281.73
198|780|52|1|9027.31
198|811|1|2|217.44
198|811|2|3|223.46
198|811|3|4|222.52
198|811|4|5|188.59
198|811|5|6|159.39
198|811|6|7|203.5
198|811|7|9|213.35
198|811|8|10|209.32
198|811|9|11|193.96
198|811|10|11|139.85
198|811|11|13|132.76
198|811|12|14|138.45
198|811|13|15|168.1
198|811|14|16|106.85
198|811|15|17|141.99
198|811|16|17|131.47
198|811|17|19|129.05
198|811|18|19|128.15
198|811|19|21|133.32
198|811|20|21|173.42
198|811|21|22|171.5
198|811|22|23|141.36
198|811|23|25|188.16
198|811|24|26|186.89
198|811|25|27|176.09
198|811|26|28|175.61
198|811|27|29|175.03
198|811|28|29|163.04
198|811|29|30|169.4
198|811|30|32|179.77
198|811|31|32|169.99
198|811|32|34|154.54
198|811|33|35|166.33
198|811|34|35|154.9
198|811|35|37|200.59
198|811|36|37|184.69
198|811|37|38|176.9
198|811|38|39|208.81
198|811|39|41|172.55
198|811|40|41|150.51
198|811|41|42|176.87
198|811|42|43|139.45
198|811|43|45|121.14
198|811|44|45|172.76
198|811|45|46|186.35
198|811|46|47|182.2
198|811|47|48|130.61
198|811|48|50|136.89
198|811|49|51|156.12
198|811|50|51|173.28
198|811|51|1|163.63
198|811|52|2|180.16
198|963|1|3|26428.14
198|963|2|4|39273.46
198|963|3|5|40038.02
198|963|4|6|33234.51
198|963|5|7|30440.72
198|963|6|8|39909.22
198|963|7|8|39235.12
198|963|8|9|39231.58
198|963|9|10|32537.27
198|963|10|11|26201.26
198|963|11|13|34804.08
198|963|12|13|36338.73
198|963|13|15|32910.26
198|963|14|16|35209.49
198|963|15|17|28497.24
198|963|16|17|31545.0
198|963|17|18|28585.98
198|963|18|20|25736.51
198|963|19|21|36373.06
198|963|20|22|27079.74
198|963|21|23|29891.25
198|963|22|23|31167.01
198|963|23|25|38012.34
198|963|24|25|31505.44
198|963|25|27|34923.93
198|963|26|28|32863.46
198|963|27|28|35880.97
198|963|28|29|29922.85
198|963|29|31|28853.29
198|963|30|31|31310.26
198|963|31|32|26509.74
198|963|32|34|26200.79
198|963|33|34|35505.19
198|963|34|35|30805.85
198|963|35|36|33738.14
198|963|36|37|29714.0
198|963|37|38|30248.97
198|963|38|40|34909.11
198|963|39|41|34090.51
198|963|40|42|36202.38
198|963|41|42|36412.92
198|963|42|44|28107.69
198|963|43|45|37644.04
198|963|44|45|37809.37
198|963|45|47|33474.89
198|963|46|48|32295.7
198|963|47|48|34071.92
198|963|48|50|33518.04
198|963|49|50|30187.53
198|963|50|52|27575.95
198|963|51|1|38167.4
198|963|52|2|39354.87
216|72|1|2|77.83
216|72|2|4|83.28
216|72|3|4|76.26
216|72|4|6|82.02
216|72|5|7|85.15
216|72|6|7|90.69
216|72|7|9|79.93
216|72|8|10|82.83
216|72|9|11|65.97
216|72|10|12|64.06
216|72|11|12|66.03
216|72|12|13|58.64
216|72|13|14|67.36
216|72|14|16|45.3
216|72|15|17|55.44
216|72|16|18|40.73
216|72|17|19|46.85
216|72|18|19|69.92
216|72|19|21|53.01
216|72|20|21|68.51
216|72|21|23|69.28
216|72|22|24|56.24
216|72|23|24|75.5
216|72|24|26|73.76
216|72|25|26|61.45
216|72|26|28|80.94
216|72|27|28|66.42
216|72|28|29|60.12
216|72|29|30|85.79
216|72|30|32|63.39
216|72|31|32|65.42
216|72|32|34|81.32
216|72|33|34|60.29
216|72|34|36|78.89
216|72|35|37|61.35
216|72|36|37|72.53
216|72|37|39|61.21
216|72|38|40|78.23
216|72|39|40|75.98
216|72|40|42|54.98
216|72|41|42|58.98
216|72|42|43|63.95
216|72|43|45|71.5
216|72|44|46|57.1
216|72|45|47|75.06
216|72|46|48|54.47
216|72|47|48|70.4
216|72|48|50|68.56
216|72|49|50|60.26
216|72|50|51|72.42
216|72|51|1|80.44
216|72|52|1|74.22
216|258|1|3|277.06
216|258|2|4|275.34
216|258|3|5|217.53
216|258|4|6|199.0
216|258|5|7|201.76
216|258|6|7|303.04
216|258|7|8|250.13
216|258|8|9|289.8
216|258|9|10|264.49
216|258|10|11|191.87
216|258|11|13|174.17
216|258|12|13|233.0
216|258|13|15|198.09
216|258|14|15|145.41
216|258|15|16|178.83
216|258|16|17|150.84
216|258|17|18|135.9
216|258|18|20|208.31
216|258|19|20|251.83
216|258|20|21|184.16
216|258|21|23|173.11
216|258|22|24|248.9
216|258|23|24|245.9
216|258|24|26|209.11
216|258|25|26|216.37
216|258|26|27|223.58
216|258|27|29|276.47
216|258|28|29|276.07
216|258|29|30|218.7
216|258|30|32|225.26
216|258|31|33|194.39
216|258|32|34|209.47
216|258|33|35|235.48
216|258|34|35|232.09
216|258|35|36|201.11
216|258|36|38|235.99
216|258|37|38|245.25
216|258|38|40|183.74
216|258|39|41|232.65
216|258|40|41|238.14
216|258|41|42|222.44
216|258|42|43|163.27
216|258|43|45|219.0
216|258|44|45|232.16
216|258|45|47|200.86
216|258|46|47|200.84
216|258|47|48|214.42
216|258|48|50|232.77
216|258|49|50|274.17
216|258|50|51|239.92
216|258|51|1|211.32
216|258|52|1|264.21
216|780|1|2|1525.02
216|780|2|3|1630.1
216|780|3|5|1608.12
216|780|4|6|1377.08
216|780|5|7|1521.54
216|780|6|8|1316.92
216|780|7|8|1437.26
216|780|8|10|1341.78
216|780|9|10|1355.98
216|780|10|12|1517.79
216|780|11|13|1506.38
216|780|12|13|1114.42
216|780|13|15|1357.5
216|780|14|16|1556.43
216|780|15|16|1228.54
216|780|16|17|1344.0
216|780|17|19|1514.71
216|780|18|20|1397.46
216|780|19|21|1493.65
216|780|20|22|1516.47
216|780|21|22|1303.21
216|780|22|23|1475.97
216|780|23|24|1501.05
216|780|24|26|1380.48
216|780|25|26|1239.75
216|780|26|27|1149.72
216|780|27|28|1620.56
216|780|28|29|1318.28
216|780|29|30|1056.41
216|780|30|31|1235.3
216|780|31|33|1278.93
216|780|32|34|1152.53
216|780|33|34|1099.77
216|780|34|35|1461.09
216|780|35|36|1526.56
216|780|36|38|1357.18
216|780|37|38|1498.77
216|780|38|40|1333.12
216|780|39|41|1364.12
216|780|40|41|1263.12
216|780|41|43|1224.38
216|780|42|43|1270.82
216|780|43|45|1693.68
216|780|44|46|1523.22
216|780|45|47|1179.88
216|780|46|47|1310.38
216|780|47|48|1196.99
216|780|48|49|1375.18
216|780|49|50|1338.6
216|780|50|52|1591.42
216|780|51|52|1221.92
216|780|52|2|1295.82
216|811|1|3|143.41
216|811|2|3|155.72
216|811|3|4|131.34
216|811|4|6|139.33
216|811|5|7|139.65
216|811|6|8|141.15
216|811|7|8|161.97
216|811|8|9|140.1
216|811|9|10|113.83
216|811|10|12|97.88
216|811|11|13|114.92
216|811|12|13|115.12
216|811|13|15|114.86
216|811|14|15|99.8
216|811|15|17|84.41
216|811|16|18|80.47
216|811|17|18|92.08
216|811|18|19|124.03
216|811|19|21|112.18
216|811|20|22|106.58
216|811|21|22|131.8
216|811|22|23|102.09
216|811|23|25|102.32
216|811|24|25|99.61
216|811|25|27|129.71
216|811|26|28|112.84
216|811|27|29|139.08
216|811|28|30|140.74
216|811|29|30|145.31
216|811|30|32|119.57
216|811|31|32|113.28
216|811|32|33|152.86
216|811|33|35|133.85
216|811|34|36|129.57
216|811|35|36|150.07
216|811|36|37|148.31
216|811|37|38|109.75
216|811|38|39|103.51
216|811|39|41|113.96
216|811|40|41|92.19
216|811|41|43|106.12
216|811|42|43|88.51
216|811|43|45|100.17
216|811|44|46|113.8
216|811|45|47|113.55
216|811|46|48|123.28
216|811|47|49|114.47
216|811|48|49|124.27
216|811|49|50|147.11
216|811|50|51|137.04
216|811|51|52|142.19
216|811|52|1|105.94
216|963|1|2|25832.28
216|963|2|4|35316.26
216|963|3|4|32981.67
216|963|4|6|31124.38
216|963|5|6|32930.5
216|963|6|8|39273.4
216|963|7|9|27100.12
216|963|8|9|26873.65
216|963|9|11|35636.95
216|963|10|11|26340.27
216|963|11|13|26301.78
216|963|12|13|23015.21
216|963|13|15|28965.9
216|963|14|15|25709.19
216|963|15|17|29305.6
216|963|16|17|27659.88
216|963|17|18|32149.56
216|963|18|20|22478.17
216|963|19|21|31605.86
216|963|20|22|31341.28
216|963|21|22|25649.6
216|963|22|24|35327.51
216|963|23|24|33734.23
216|963|24|25|31585.08
216|963|25|27|25227.7
216|963|26|27|32705.71
216|963|27|28|35126.86
216|963|28|30|22990.16
216|963|29|31|22976.56
216|963|30|31|23326.92
216|963|31|32|29842.97
216|963|32|34|25877.11
216|963|33|35|31308.32
216|963|34|35|25849.57
216|963|35|36|30888.1
216|963|36|38|29164.69
216|963|37|38|27397.32
216|963|38|39|28669.32
216|963|39|41|31292.54
216|963|40|41|25618.26
216|963|41|42|25700.41
216|963|42|44|30390.09
216|963|43|44|32628.47
216|963|44|46|27995.85
216|963|45|46|27732.85
216|963|46|48|27189.73
216|963|47|48|32152.38
216|963|48|50|32849.49
216|963|49|51|34537.26
216|963|50|51|23783.8
216|963|51|52|27221.24
216|963|52|2|33699.35
258|198|1|3|730.86
258|198|2|4|951.51
258|198|3|4|759.94
258|198|4|6|650.6
258|198|5|6|928.8
258|198|6|7|724.09
258|198|7|9|895.18
258|198|8|9|657.63
258|198|9|10|892.67
258|198|10|11|828.04
258|198|11|13|987.65
258|198|12|14|704.42
258|198|13|15|658.59
258|198|14|15|899.95
258|198|15|17|813.77
258|198|16|18|758.03
258|198|17|19|733.44
258|198|18|20|745.83
258|198|19|20|918.71
258|198|20|21|931.82
258|198|21|23|949.26
258|198|22|23|655.51
258|198|23|24|943.95
258|198|24|25|1013.22
258|198|25|27|711.25
258|198|26|28|905.86
258|198|27|28|865.04
258|198|28|30|806.74
258|198|29|31|786.44
258|198|30|32|1008.14
258|198|31|32|883.9
258|198|32|33|665.89
258|198|33|34|719.14
258|198|34|36|758.32
258|198|35|36|604.91
258|198|36|38|657.2
258|198|37|38|698.84
258|198|38|40|707.47
258|198|39|40|873.33
258|198|40|42|629.97
258|198|41|43|611.92
258|198|42|43|788.5
258|198|43|45|635.4
258|198|44|46|791.42
258|198|45|47|751.24
258|198|46|48|865.66
258|198|47|49|663.25
258|198|48|50|729.36
258|198|49|50|699.35
258|198|50|52|641.91
258|198|51|1|761.12
258|198|52|2|767.97
258|216|1|2|92.74
258|216|2|4|110.04
258|216|3|4|109.64
258|216|4|6|97.5
258|216|5|6|87.86
258|216|6|8|119.5
258|216|7|8|97.79
258|216|8|9|97.44
258|216|9|10|120.77
258|216|10|11|97.49
258|216|11|12|103.38
258|216|12|13|114.62
258|216|13|14|112.06
258|216|14|15|105.14
258|216|15|16|127.46
258|216|16|17|113.7
258|216|17|18|105.67
258|216|18|19|100.6
258|216|19|20|111.39
258|216|20|22|121.32
258|216|21|22|110.0
258|216|22|23|86.34
258|216|23|25|120.34
258|216|24|26|110.29
258|216|25|26|107.52
258|216|26|28|122.78
258|216|27|29|86.08
258|216|28|29|126.59
258|216|29|31|108.24
258|216|30|32|112.83
258|216|31|32|108.14
258|216|32|33|107.88
258|216|33|35|97.61
258|216|34|36|101.26
258|216|35|37|114.31
258|216|36|38|95.34
258|216|37|39|110.3
258|216|38|40|106.97
258|216|39|41|110.92
258|216|40|42|86.03
258|216|41|43|82.88
258|216|42|44|76.63
258|216|43|44|84.8
258|216|44|46|101.74
258|216|45|47|76.31
258|216|46|47|105.6
258|216|47|49|84.09
258|216|48|50|91.09
258|216|49|50|85.64
258|216|50|51|117.92
258|216|51|1|92.39
258|216|52|1|104.74
258|469|1|3|1.53
258|469|2|4|1.6
258|469|3|4|1.62
258|469|4|5|1.36
258|469|5|7|1.45
258|469|6|7|1.62
258|469|7|8|1.21
258|469|8|9|1.59
258|469|9|10|1.45
258|469|10|11|1.34
258|469|11|13|1.51
258|469|12|13|1.5
258|469|13|14|1.41
258|469|14|15|1.43
258|469|15|17|1.48
258|469|16|17|1.52
258|469|17|18|1.67
258|469|18|20|1.66
258|469|19|20|1.56
258|469|20|22|1.72
258|469|21|23|1.32
258|469|22|23|1.29
258|469|23|25|1.47
258|469|24|26|1.54
258|469|25|27|1.91
258|469|26|27|1.64
258|469|27|28|1.88
258|469|28|30|1.42
258|469|29|30|1.79
258|469|30|31|1.45
258|469|31|33|1.6
258|469|32|34|1.47
258|469|33|34|1.6
258|469|34|36|1.57
258|469|35|37|1.63
258|469|36|38|1.55
258|469|37|39|1.81
258|469|38|40|1.38
258|469|39|41|1.8
258|469|40|42|1.36
258|469|41|43|1.26
258|469|42|44|1.57
258|469|43|45|1.32
258|469|44|46|1.56
258|469|45|47|1.5
258|469|46|48|1.59
258|469|47|49|1.65
258|469|48|49|1.37
258|469|49|50|1.44
258|469|50|51|1.68
258|469|51|52|1.4
258|469|52|2|1.22
258|689|1|3|824.28
258|689|2|4|1031.21
258|689|3|4|903.97
258|689|4|5|847.98
258|689|5|7|1024.92
258|689|6|8|860.85
258|689|7|8|1024.79
258|689|8|10|948.23
258|689|9|10|902.35
258|689|10|12|798.62
258|689|11|13|1037.63
258|689|12|13|1042.49
258|689|13|14|981.62
258|689|14|15|792.11
258|689|15|16|844.65
258|689|16|17|1094.67
258|689|17|19|1207.88
258|689|18|20|1137.59
258|689|19|20|892.68
258|689|20|22|897.84
258|689|21|22|1037.38
258|689|22|23|1036.58
258|689|23|25|927.27
258|689|24|26|1189.98
258|689|25|26|1201.89
258|689|26|28|1185.49
258|689|27|28|1171.29
258|689|28|30|1158.27
258|689|29|30|1147.59
258|689|30|32|1169.49
258|689|31|32|806.42
258|689|32|34|902.25
258|689|33|35|889.2
258|689|34|36|883.98
258|689|35|36|1036.69
258|689|36|38|793.59
258|689|37|39|904.23
258|689|38|40|1138.14
258|689|39|41|905.15
258|689|40|41|983.9
258|689|41|43|972.76
258|689|42|43|1029.23
258|689|43|44|902.03
258|689|44|45|810.43
258|689|45|46|1026.87
258|689|46|48|857.41
258|689|47|49|773.44
258|689|48|49|993.22
258|689|49|50|784.99
258|689|50|51|988.42
258|689|51|1|1079.13
258|689|52|1|816.46
258|780|1|2|650.03
258|780|2|3|809.25
258|780|3|5|747.91
258|780|4|5|652.4
258|780|5|6|709.42
258|780|6|7|912.25
258|780|7|9|820.78
258|780|8|9|731.55
258|780|9|11|750.89
258|780|10|12|718.21
258|780|11|12|658.41
258|780|12|14|923.78
258|780|13|15|779.48
258|780|14|15|873.52
258|780|15|16|720.54
258|780|16|17|817.79
258|780|17|18|803.85
258|780|18|19|696.12
258|780|19|20|788.46
258|780|20|21|879.46
258|780|21|23|851.9
258|780|22|23|739.24
258|780|23|24|926.52
258|780|24|26|819.69
258|780|25|27|678.49
258|780|26|28|872.1
258|780|27|29|855.67
258|780|28|30|851.24
258|780|29|31|765.96
258|780|30|31|952.55
258|780|31|32|804.62
258|780|32|33|905.3
258|780|33|35|903.89
258|780|34|35|684.56
258|780|35|37|823.71
258|780|36|37|854.42
258|780|37|38|666.1
258|780|38|39|914.05
258|780|39|40|752.21
258|780|40|41|656.1
258|780|41|43|587.4
258|780|42|43|621.84
258|780|43|44|734.47
258|780|44|46|633.11
258|780|45|47|777.62
258|780|46|48|699.59
258|780|47|48|799.37
258|780|48|49|857.01
258|780|49|51|830.87
258|780|50|51|723.36
258|780|51|1|822.98
258|780|52|2|738.31
258|963|1|3|256.29
258|963|2|4|361.36
258|963|3|5|386.39
258|963|4|6|256.61
258|963|5|6|343.62
258|963|6|7|313.74
258|963|7|8|360.24
258|963|8|10|342.03
258|963|9|10|318.11
258|963|10|11|382.6
258|963|11|12|344.13
258|963|12|13|370.52
258|963|13|15|363.89
258|963|14|16|359.1
258|963|15|17|367.76
258|963|16|18|346.7
258|963|17|18|268.18
258|963|18|19|385.22
258|963|19|21|341.76
258|963|20|22|334.68
258|963|21|22|384.93
258|963|22|24|359.81
258|963|23|25|297.89
258|963|24|26|359.77
258|963|25|26|394.24
258|963|26|28|338.76
258|963|27|28|365.82
258|963|28|30|330.29
258|963|29|31|353.07
258|963|30|31|355.9
258|963|31|33|340.18
258|963|32|33|312.35
258|963|33|35|253.98
258|963|34|36|295.34
258|963|35|36|263.32
258|963|36|38|293.39
258|963|37|38|335.09
258|963|38|39|265.7
258|963|39|41|309.27
258|963|40|41|264.27
258|963|41|43|252.1
258|963|42|43|281.36
258|963|43|44|253.0
258|963|44|46|234.65
258|963|45|46|242.45
258|963|46|47|309.34
258|963|47|48|272.04
258|963|48|50|289.74
258|963|49|51|297.85
258|963|50|51|282.13
258|963|51|52|310.75
258|963|52|1|244.68
258|1056|1|2|99.44
258|1056|2|4|104.18
258|1056|3|5|111.58
258|1056|4|5|118.63
258|1056|5|6|124.72
258|1056|6|8|89.77
258|1056|7|8|117.41
258|1056|8|10|92.91
258|1056|9|10|102.41
258|1056|10|11|93.76
258|1056|11|13|111.53
258|1056|12|13|119.12
258|1056|13|15|96.74
258|1056|14|16|87.56
258|1056|15|17|134.05
258|1056|16|18|110.55
258|1056|17|18|107.08
258|1056|18|20|134.69
258|1056|19|21|102.11
258|1056|20|21|91.43
258|1056|21|22|116.1
258|1056|22|23|112.27
258|1056|23|25|119.37
258|1056|24|26|119.45
258|1056|25|26|100.46
258|1056|26|28|93.66
258|1056|27|29|133.05
258|1056|28|30|111.36
258|1056|29|30|120.13
258|1056|30|31|118.2
258|1056|31|33|114.21
258|1056|32|34|108.09
258|1056|33|34|92.17
258|1056|34|36|98.17
258|1056|35|37|93.22
258|1056|36|37|113.5
258|1056|37|39|116.62
258|1056|38|39|116.03
258|1056|39|40|109.17
258|1056|40|42|97.86
258|1056|41|43|79.58
258|1056|42|43|113.13
258|1056|43|45|98.11
258|1056|44|45|106.04
258|1056|45|46|79.91
258|1056|46|47|91.72
258|1056|47|48|89.38
258|1056|48|49|89.28
258|1056|49|51|109.78
258|1056|50|52|95.0
258|1056|51|1|96.7
258|1056|52|1|83.79
469|72|1|3|0.0
469|72|2|4|0.0
469|72|3|5|0.0
469|72|4|6|0.0
469|72|5|6|0.0
469|72|6|7|0.0
469|72|7|8|0.0
469|72|8|9|0.0
469|72|9|11|0.0
469|72|10|12|0.0
469|72|11|13|0.0
469|72|12|14|0.0
469|72|13|15|0.0
469|72|14|16|0.0
469|72|15|17|0.0
469|72|16|18|0.0
469|72|17|18|0.0
469|72|18|19|0.0
469|72|19|20|0.0
469|72|20|22|0.0
469|72|21|22|0.0
469|72|22|24|0.0
469|72|23|25|0.0
469|72|24|26|0.0
469|72|25|26|0.0
469|72|26|28|0.0
469|72|27|28|0.0
469|72|28|29|0.0
469|72|29|31|0.0
469|72|30|31|0.0
469|72|31|32|0.0
469|72|32|33|0.0
469|72|33|34|0.0
469|72|34|35|0.0
469|72|35|37|0.0
469|72|36|38|0.0
469|72|37|38|0.0
469|72|38|40|0.0
469|72|39|41|0.0
469|72|40|42|0.0
469|72|41|42|0.0
469|72|42|43|0.0
469|72|43|45|0.0
469|72|44|46|0.0
469|72|45|46|0.0
469|72|46|47|0.0
469|72|47|48|0.0
469|72|48|49|0.0
469|72|49|51|0.0
469|72|50|51|0.0
469|72|51|1|0.0
469|72|52|2|0.0
469|258|1|2|17.89
469|258|2|4|18.78
469|258|3|5|20.01
469|258|4|6|22.93
469|258|5|6|20.13
469|258|6|8|24.45
469|258|7|9|23.49
469|258|8|10|19.85
469|258|9|10|22.45
469|258|10|11|17.9
469|258|11|12|14.98
469|258|12|13|19.69
469|258|13|15|14.42
469|258|14|15|12.89
469|258|15|16|15.58
469|258|16|18|10.82
469|258|17|18|13.54
469|258|18|19|18.41
469|258|19|21|17.33
469|258|20|21|16.84
469|258|21|22|14.47
469|258|22|23|17.02
469|258|23|25|16.6
469|258|24|25|20.98
469|258|25|27|15.06
469|258|26|28|19.19
469|258|27|28|22.51
469|258|28|29|17.43
469|258|29|30|16.1
469|258|30|31|16.93
469|258|31|33|21.57
469|258|32|34|16.62
469|258|33|34|18.48
469|258|34|36|18.88
469|258|35|37|15.67
469|258|36|38|22.53
469|258|37|39|23.11
469|258|38|40|20.48
469|258|39|40|21.25
469|258|40|42|14.63
469|258|41|42|19.74
469|258|42|44|15.73
469|258|43|44|13.07
469|258|44|46|13.24
469|258|45|46|21.6
469|258|46|48|18.85
469|258|47|49|14.06
469|258|48|50|13.83
469|258|49|50|20.18
469|258|50|51|19.38
469|258|51|1|15.41
469|258|52|1|20.13
469|780|1|2|439.89
469|780|2|4|454.72
469|780|3|4|538.64
469|780|4|6|575.28
469|780|5|6|577.0
469|780|6|7|569.08
469|780|7|9|570.46
469|780|8|10|465.45
469|780|9|10|567.55
469|780|10|11|472.1
469|780|11|12|438.85
469|780|12|13|462.28
469|780|13|14|504.79
469|780|14|15|530.21
469|780|15|16|385.58
469|780|16|17|414.26
469|780|17|18|488.85
469|780|18|19|364.41
469|780|19|20|507.32
469|780|20|21|528.04
469|780|21|22|375.99
469|780|22|23|562.11
469|780|23|24|454.52
469|780|24|26|404.22
469|780|25|27|396.35
469|780|26|27|360.99
469|780|27|28|528.09
469|780|28|29|490.26
469|780|29|31|481.57
469|780|30|31|413.61
469|780|31|33|383.55
469|780|32|34|432.92
469|780|33|34|527.23
469|780|34|35|501.1
469|780|35|36|354.63
469|780|36|38|352.39
469|780|37|39|395.43
469|780|38|39|346.53
469|780|39|40|403.57
469|780|40|42|523.89
469|780|41|43|510.37
469|780|42|44|472.75
469|780|43|44|552.6
469|780|44|46|499.83
469|780|45|47|427.19
469|780|46|47|365.14
469|780|47|48|503.09
469|780|48|49|458.19
469|780|49|51|542.47
469|780|50|51|414.57
469|780|51|52|516.09
469|780|52|2|557.89
469|811|1|3|5.79
469|811|2|3|6.57
469|811|3|4|5.81
469|811|4|5|5.71
469|811|5|6|4.68
469|811|6|7|5.29
469|811|7|8|5.55
469|811|8|10|5.77
469|811|9|10|5.41
469|811|10|12|4.83
469|811|11|12|5.52
469|811|12|14|5.16
469|811|13|15|3.65
469|811|14|16|4.43
469|811|15|16|4.13
469|811|16|17|3.76
469|811|17|18|3.42
469|811|18|19|3.93
469|811|19|21|3.81
469|811|20|22|4.12
469|811|21|23|3.74
469|811|22|24|4.83
469|811|23|24|4.9
469|811|24|25|4.32
469|811|25|27|4.8
469|811|26|27|5.24
469|811|27|29|5.35
469|811|28|30|4.93
469|811|29|31|4.87
469|811|30|31|4.52
469|811|31|32|5.39
469|811|32|34|4.76
469|811|33|34|4.98
469|811|34|35|4.87
469|811|35|37|5.96
469|811|36|37|4.97
469|811|37|38|6.14
469|811|38|40|4.76
469|811|39|40|5.62
469|811|40|41|3.9
469|811|41|42|4.51
469|811|42|44|4.58
469|811|43|45|3.74
469|811|44|45|4.52
469|811|45|47|5.21
469|811|46|48|5.29
469|811|47|49|5.06
469|811|48|50|3.57
469|811|49|50|5.61
469|811|50|52|4.31
469|811|51|1|4.62
469|811|52|1|4.72
469|963|1|3|772.53
469|963|2|3|835.35
469|963|3|4|864.99
469|963|4|6|614.26
469|963|5|6|683.05
469|963|6|7|908.63
469|963|7|9|689.22
469|963|8|10|661.35
469|963|9|10|838.83
469|963|10|11|664.79
469|963|11|12|560.48
469|963|12|13|656.1
469|963|13|15|531.2
469|963|14|16|559.58
469|963|15|16|640.31
469|963|16|18|688.66
469|963|17|19|768.42
469|963|18|20|641.22
469|963|19|21|596.21
469|963|20|21|624.98
469|963|21|23|619.07
469|963|22|23|675.5
469|963|23|24|797.6
469|963|24|25|748.45
469|963|25|27|579.47
469|963|26|28|794.19
469|963|27|28|761.37
469|963|28|30|570.34
469|963|29|31|509.0
469|963|30|31|689.93
469|963|31|33|591.54
469|963|32|33|735.98
469|963|33|35|733.0
469|963|34|35|601.67
469|963|35|37|581.49
469|963|36|37|624.79
469|963|37|38|732.46
469|963|38|39|605.06
469|963|39|40|620.01
469|963|40|42|725.38
469|963|41|43|642.41
469|963|42|43|639.9
469|963|43|44|643.87
469|963|44|45|716.4
469|963|45|47|621.99
469|963|46|48|542.17
469|963|47|49|661.9
469|963|48|49|733.38
469|963|49|51|724.75
469|963|50|52|723.34
469|963|51|1|611.63
469|963|52|2|802.42
689|72|1|3|2367.4
689|72|2|4|2514.13
689|72|3|5|2422.51
689|72|4|6|2664.35
689|72|5|6|2944.88
689|72|6|8|3043.26
689|72|7|9|2415.36
689|72|8|10|2398.06
689|72|9|10|3136.89
689|72|10|12|2341.96
689|72|11|12|2453.64
689|72|12|13|2799.61
689|72|13|14|1874.63
689|72|14|15|1680.99
689|72|15|17|1655.11
689|72|16|18|1549.98
689|72|17|18|2083.78
689|72|18|19|2648.29
689|72|19|21|2638.32
689|72|20|21|2421.95
689|72|21|23|2497.21
689|72|22|24|2646.39
689|72|23|25|2268.52
689|72|24|26|3029.82
689|72|25|26|2200.11
689|72|26|28|2964.1
689|72|27|29|2773.23
689|72|28|29|2154.38
689|72|29|31|2312.3
689|72|30|31|2916.07
689|72|31|33|2742.38
689|72|32|34|3154.85
689|72|33|35|3138.62
689|72|34|35|2935.89
689|72|35|37|2469.37
689|72|36|37|2649.94
689|72|37|38|2471.44
689|72|38|39|2138.05
689|72|39|41|2797.32
689|72|40|41|2333.03
689|72|41|42|2037.45
689|72|42|44|2345.47
689|72|43|45|2033.53
689|72|44|46|2142.55
689|72|45|46|2604.36
689|72|46|47|2508.15
689|72|47|49|2649.7
689|72|48|50|2017.54
689|72|49|50|2873.21
689|72|50|52|2804.74
689|72|51|1|3084.42
689|72|52|1|2385.61
689|258|1|2|296.14
689|258|2|4|306.82
689|258|3|4|269.27
689|258|4|5|235.16
689|258|5|7|356.39
689|258|6|8|277.33
689|258|7|8|283.07
689|258|8|9|289.1
689|258|9|11|275.82
689|258|10|12|253.56
689|258|11|13|299.86
689|258|12|14|238.79
689|258|13|14|262.08
689|258|14|16|181.96
689|258|15|17|212.93
689|258|16|18|196.19
689|258|17|19|216.31
689|258|18|20|256.19
689|258|19|21|285.24
689|258|20|21|233.3
689|258|21|22|259.08
689|258|22|23|265.84
689|258|23|24|257.49
689|258|24|26|309.15
689|258|25|26|263.6
689|258|26|28|214.9
689|258|27|29|326.85
689|258|28|30|304.93
689|258|29|30|312.06
689|258|30|32|246.74
689|258|31|32|321.31
689|258|32|34|280.91
689|258|33|35|273.1
689|258|34|35|310.47
689|258|35|36|298.55
689|258|36|37|256.33
689|258|37|39|291.03
689|258|38|39|253.77
689|258|39|41|250.2
689|258|40|41|247.15
689|258|41|43|206.71
689|258|42|44|224.57
689|258|43|44|199.31
689|258|44|46|271.62
689|258|45|46|219.81
689|258|46|48|299.28
689|258|47|49|209.51
689|258|48|50|218.64
689|258|49|51|240.16
689|258|50|52|254.52
689|258|51|52|285.64
689|258|52|2|327.36
689|780|1|3|4391.36
689|780|2|3|6547.93
689|780|3|5|5814.12
689|780|4|5|5702.26
689|780|5|6|5304.89
689|780|6|7|6199.08
689|780|7|8|5923.12
689|780|8|9|5357.5
689|780|9|11|6193.75
689|780|10|12|4874.56
689|780|11|12|4294.11
689|780|12|13|4638.25
689|780|13|15|4582.88
689|780|14|15|5619.06
689|780|15|17|5080.28
689|780|16|18|4709.19
689|780|17|18|6199.48
689|780|18|19|4549.58
689|780|19|20|4510.59
689|780|20|21|5595.81
689|780|21|23|5576.29
689|780|22|23|5434.46
689|780|23|24|7172.54
689|780|24|26|5777.67
689|780|25|27|5143.52
689|780|26|28|6167.06
689|780|27|28|5403.19
689|780|28|30|5786.42
689|780|29|30|5600.0
689|780|30|31|4780.6
689|780|31|32|5006.22
689|780|32|34|4280.21
689|780|33|34|4606.48
689|780|34|35|5473.87
689|780|35|37|4471.97
689|780|36|37|4973.63
689|780|37|39|5773.89
689|780|38|40|4416.74
689|780|39|40|4670.79
689|780|40|42|4523.95
689|780|41|42|5585.23
689|780|42|44|6155.56
689|780|43|44|6898.44
689|780|44|45|6458.84
689|780|45|46|4516.17
689|780|46|48|4446.72
689|780|47|48|6424.59
689|780|48|50|4883.69
689|780|49|51|5156.14
689|780|50|52|5249.57
689|780|51|1|4636.98
689|780|52|1|5716.3
689|811|1|3|2351.74
689|811|2|3|2201.65
689|811|3|4|2687.15
689|811|4|6|2630.77
689|811|5|6|2211.43
689|811|6|8|2689.05
689|811|7|9|1936.73
689|811|8|10|2593.67
689|811|9|11|2366.19
689|811|10|11|2068.77
689|811|11|12|1696.81
689|811|12|14|1601.71
689|811|13|14|2117.81
689|811|14|16|1291.76
689|811|15|16|1387.3
689|811|16|17|1526.74
689|811|17|19|1381.34
689|811|18|20|1897.53
689|811|19|20|2197.11
689|811|20|21|1713.97
689|811|21|22|1668.83
689|811|22|23|1917.04
689|811|23|25|2000.8
689|811|24|25|2363.43
689|811|25|27|2118.31
689|811|26|27|1825.34
689|811|27|29|2453.35
689|811|28|30|2096.23
689|811|29|30|2208.38
689|811|30|32|1748.88
689|811|31|32|2519.17
689|811|32|33|2309.11
689|811|33|35|2335.57
689|811|34|35|2204.16
689|811|35|36|1856.77
689|811|36|37|2309.56
689|811|37|39|2280.22
689|811|38|40|2007.91
689|811|39|40|2195.97
689|811|40|42|2019.71
689|811|41|42|2004.41
689|811|42|43|1828.93
689|811|43|44|1455.29
689|811|44|45|1769.97
689|811|45|46|2153.07
689|811|46|48|1803.5
689|811|47|49|2053.27
689|811|48|50|2144.97
689|811|49|50|2282.87
689|811|50|52|2396.99
689|811|51|1|2362.44
689|811|52|1|1788.72
689|963|1|3|59350.55
689|963|2|4|62404.48
689|963|3|4|66421.6
689|963|4|6|60901.01
689|963|5|6|78102.03
689|963|6|7|66006.48
689|963|7|8|71449.47
689|963|8|9|78427.51
689|963|9|11|59337.41
689|963|10|12|70618.05
689|963|11|12|69540.39
689|963|12|14|69874.64
689|963|13|14|49209.2
689|963|14|15|70249.3
689|963|15|16|68869.89
689|963|16|18|72577.82
689|963|17|18|53210.04
689|963|18|19|51517.17
689|963|19|21|59799.23
689|963|20|21|60188.54
689|963|21|22|54720.06
689|963|22|23|59915.59
689|963|23|25|56415.0
689|963|24|26|55263.85
689|963|25|26|76457.3
689|963|26|28|68119.29
689|963|27|29|66045.46
689|963|28|30|69644.53
689|963|29|31|57140.09
689|963|30|31|68261.35
689|963|31|32|57187.33
689|963|32|34|60578.99
689|963|33|35|48900.12
689|963|34|36|67083.19
689|963|35|36|60258.65
689|963|36|37|51393.26
689|963|37|38|50311.56
689|963|38|40|61662.13
689|963|39|41|60733.6
689|963|40|42|60576.24
689|963|41|43|69422.15
689|963|42|44|63081.16
689|963|43|45|62419.65
689|963|44|46|53260.83
689|963|45|46|55075.66
689|963|46|48|68599.97
689|963|47|48|57808.42
689|963|48|50|51816.04
689|963|49|51|53802.19
689|963|50|52|65917.15
689|963|51|1|59320.76
689|963|52|1|77495.38
780|72|1|2|401.37
780|72|2|4|583.55
780|72|3|4|494.15
780|72|4|5|545.36
780|72|5|7|441.53
780|72|6|8|454.99
780|72|7|8|475.44
780|72|8|9|479.04
780|72|9|11|547.53
780|72|10|11|517.98
780|72|11|13|362.95
780|72|12|13|426.34
780|72|13|14|331.16
780|72|14|15|345.34
780|72|15|16|310.66
780|72|16|17|377.03
780|72|17|19|372.18
780|72|18|19|369.76
780|72|19|21|508.65
780|72|20|21|400.81
780|72|21|22|341.04
780|72|22|24|505.07
780|72|23|24|399.97
780|72|24|26|492.47
780|72|25|26|474.57
780|72|26|27|409.88
780|72|27|29|473.76
780|72|28|29|427.23
780|72|29|31|430.2
780|72|30|31|438.77
780|72|31|32|411.59
780|72|32|33|516.6
780|72|33|34|519.69
780|72|34|35|478.43
780|72|35|37|415.3
780|72|36|38|539.82
780|72|37|38|430.21
780|72|38|39|469.26
780|72|39|40|391.25
780|72|40|41|411.91
780|72|41|43|486.65
780|72|42|43|438.77
780|72|43|44|381.1
780|72|44|45|360.32
780|72|45|46|416.69
780|72|46|48|470.49
780|72|47|49|461.98
780|72|48|50|341.37
780|72|49|50|481.41
780|72|50|51|512.2
780|72|51|1|519.93
780|72|52|1|463.12
780|198|1|3|2912.01
780|198|2|4|3896.98
780|198|3|5|3087.73
780|198|4|6|3936.51
780|198|5|6|3595.59
780|198|6|8|3806.42
780|198|7|8|3548.6
780|198|8|10|3475.15
780|198|9|10|3257.47
780|198|10|12|3381.82
780|198|11|12|3253.39
780|198|12|14|2762.18
780|198|13|14|2796.45
780|198|14|16|2958.5
780|198|15|16|3543.56
780|198|16|18|3475.44
780|198|17|19|2919.35
780|198|18|19|2461.16
780|198|19|21|3460.43
780|198|20|21|3531.38
780|198|21|22|2788.8
780|198|22|23|3299.2
780|198|23|24|4158.76
780|198|24|26|3763.71
780|198|25|27|3737.24
780|198|26|27|3456.44
780|198|27|29|3793.53
780|198|28|29|3532.79
780|198|29|30|2839.98
780|198|30|31|3301.47
780|198|31|32|2646.57
780|198|32|34|3531.02
780|198|33|35|2635.99
780|198|34|36|2749.17
780|198|35|36|3317.43
780|198|36|37|2499.07
780|198|37|39|3357.24
780|198|38|40|3001.26
780|198|39|40|2975.53
780|198|40|41|3578.59
780|198|41|42|3511.28
780|198|42|44|3166.43
780|198|43|44|3488.09
780|198|44|46|3734.86
780|198|45|47|2725.22
780|198|46|47|2922.49
780|198|47|48|2711.81
780|198|48|49|3009.45
780|198|49|51|2827.67
780|198|50|52|2759.92
780|198|51|1|3746.82
780|198|52|1|2753.04
780|216|1|2|579.37
780|216|2|3|607.34
780|216|3|5|853.03
780|216|4|6|650.53
780|216|5|7|633.34
780|216|6|8|691.55
780|216|7|8|728.96
780|216|8|9|876.81
780|216|9|10|763.08
780|216|10|12|726.08
780|216|11|13|577.88
780|216|12|13|600.89
780|216|13|15|669.53
780|216|14|16|679.02
780|216|15|16|800.29
780|216|16|17|740.97
780|216|17|19|668.11
780|216|18|19|729.32
780|216|19|20|769.38
780|216|20|21|598.67
780|216|21|23|638.77
780|216|22|23|650.31
780|216|23|25|627.22
780|216|24|26|872.31
780|216|25|27|751.59
780|216|26|28|624.82
780|216|27|28|670.94
780|216|28|30|796.72
780|216|29|30|634.46
780|216|30|31|807.15
780|216|31|33|767.19
780|216|32|33|642.56
780|216|33|34|676.22
780|216|34|35|774.72
780|216|35|36|554.96
780|216|36|38|589.05
780|216|37|38|606.74
780|216|38|40|584.67
780|216|39|41|696.56
780|216|40|41|577.62
780|216|41|43|823.62
780|216|42|43|738.31
780|216|43|44|755.52
780|216|44|46|599.89
780|216|45|46|738.51
780|216|46|48|610.73
780|216|47|48|763.44
780|216|48|50|760.52
780|216|49|50|666.73
780|216|50|51|608.98
780|216|51|52|603.06
780|216|52|2|733.35
780|258|1|3|921.77
780|258|2|4|1003.51
780|258|3|5|1265.9
780|258|4|6|1221.36
780|258|5|7|1432.75
780|258|6|7|1073.66
780|258|7|8|1128.24
780|258|8|9|1214.84
780|258|9|11|1081.93
780|258|10|12|967.24
780|258|11|12|902.93
780|258|12|13|970.83
780|258|13|14|1133.66
780|258|14|16|935.04
780|258|15|17|882.46
780|258|16|17|785.5
780|258|17|19|725.48
780|258|18|20|874.31
780|258|19|20|1067.14
780|258|20|22|1012.66
780|258|21|23|1096.5
780|258|22|24|821.83
780|258|23|25|1079.72
780|258|24|25|1264.56
780|258|25|26|1031.43
780|258|26|28|937.24
780|258|27|29|1269.19
780|258|28|30|1136.87
780|258|29|30|1182.58
780|258|30|31|936.51
780|258|31|32|1165.91
780|258|32|34|1060.29
780|258|33|34|1009.37
780|258|34|36|1043.16
780|258|35|37|1349.81
780|258|36|37|1164.55
780|258|37|39|1183.9
780|258|38|39|1104.17
780|258|39|41|1104.38
780|258|40|42|1105.53
780|258|41|43|1074.17
780|258|42|43|1110.49
780|258|43|44|1027.53
780|258|44|46|1104.63
780|258|45|46|898.68
780|258|46|47|986.37
780|258|47|49|1187.75
780|258|48|49|1058.68
780|258|49|50|1164.31
780|258|50|51|1074.38
780|258|51|1|960.53
780|258|52|1|887.75
780|469|1|3|1293.76
780|469|2|3|1348.91
780|469|3|5|1645.09
780|469|4|6|1719.7
780|469|5|7|1424.18
780|469|6|7|1575.03
780|469|7|9|1538.43
780|469|8|10|1715.25
780|469|9|11|1621.3
780|469|10|12|1345.96
780|469|11|13|1238.35
780|469|12|13|1120.79
780|469|13|14|1258.56
780|469|14|16|1480.02
780|469|15|16|1311.44
780|469|16|17|1414.45
780|469|17|18|1321.85
780|469|18|19|1307.96
780|469|19|20|1266.56
780|469|20|22|1049.35
780|469|21|23|1504.53
780|469|22|23|1458.81
780|469|23|25|1672.72
780|469|24|25|1201.93
780|469|25|27|1609.96
780|469|26|28|1061.1
780|469|27|29|1126.77
780|469|28|30|1119.53
780|469|29|30|994.04
780|469|30|32|1363.4
780|469|31|33|1073.65
780|469|32|34|1141.33
780|469|33|35|1460.83
780|469|34|36|1434.17
780|469|35|36|1257.08
780|469|36|38|1367.08
780|469|37|38|1195.27
780|469|38|40|1191.42
780|469|39|40|1226.02
780|469|40|41|1362.05
780|469|41|43|1298.1
780|469|42|43|1413.75
780|469|43|45|1540.94
780|469|44|45|1373.13
780|469|45|46|1129.66
780|469|46|48|1208.49
780|469|47|48|1173.42
780|469|48|49|1266.99
780|469|49|51|1250.27
780|469|50|52|1292.82
780|469|51|1|1530.52
780|469|52|2|1156.04
780|689|1|3|7537.76
780|689|2|3|7222.56
780|689|3|5|9341.3
780|689|4|5|9644.76
780|689|5|6|10558.04
780|689|6|8|7514.9
780|689|7|9|9072.1
780|689|8|9|7165.07
780|689|9|10|8898.59
780|689|10|11|6381.83
780|689|11|12|7987.99
780|689|12|14|8303.02
780|689|13|14|8805.03
780|689|14|16|9379.54
780|689|15|17|6749.63
780|689|16|17|8796.73
780|689|17|19|7093.69
780|689|18|20|6517.35
780|689|19|21|6673.18
780|689|20|22|8752.33
780|689|21|22|7265.62
780|689|22|23|8241.32
780|689|23|25|9695.69
780|689|24|25|9347.7
780|689|25|27|7687.32
780|689|26|27|8893.09
780|689|27|29|8979.01
780|689|28|30|8739.82
780|689|29|30|7081.26
780|689|30|31|8287.5
780|689|31|32|6668.49
780|689|32|33|7649.63
780|689|33|34|9172.56
780|689|34|36|6994.78
780|689|35|37|6011.34
780|689|36|37|7113.31
780|689|37|38|6083.35
780|689|38|39|8179.36
780|689|39|41|8648.04
780|689|40|41|6526.35
780|689|41|42|9657.75
780|689|42|44|6880.74
780|689|43|44|10133.01
780|689|44|45|9424.6
780|689|45|46|7529.41
780|689|46|48|6914.32
780|689|47|49|8249.19
780|689|48|49|7204.19
780|689|49|51|6774.14
780|689|50|51|6918.99
780|689|51|52|9980.7
780|689|52|2|7591.68
780|811|1|3|199.24
780|811|2|3|208.53
780|811|3|5|211.94
780|811|4|5|210.9
780|811|5|7|262.46
780|811|6|8|198.3
780|811|7|8|210.45
780|811|8|9|244.11
780|811|9|10|245.24
780|811|10|12|172.6
780|811|11|12|160.13
780|811|12|13|177.31
780|811|13|14|189.05
780|811|14|15|175.42
780|811|15|17|162.07
780|811|16|18|168.08
780|811|17|18|141.82
780|811|18|20|202.99
780|811|19|20|171.9
780|811|20|22|231.69
780|811|21|23|208.33
780|811|22|24|157.63
780|811|23|25|239.79
780|811|24|25|234.1
780|811|25|26|242.0
780|811|26|27|217.42
780|811|27|29|225.74
780|811|28|29|240.03
780|811|29|30|246.02
780|811|30|31|190.81
780|811|31|32|235.46
780|811|32|34|246.34
780|811|33|34|194.55
780|811|34|36|179.05
780|811|35|36|196.96
780|811|36|38|201.07
780|811|37|38|255.58
780|811|38|39|217.72
780|811|39|41|206.67
780|811|40|41|172.63
780|811|41|43|214.43
780|811|42|44|187.41
780|811|43|44|152.73
780|811|44|45|196.0
780|811|45|46|190.84
780|811|46|48|191.93
780|811|47|48|191.08
780|811|48|50|200.11
780|811|49|50|180.08
780|811|50|51|199.8
780|811|51|52|182.61
780|811|52|1|171.65
780|1056|1|2|4947.64
780|1056|2|4|4594.36
780|1056|3|5|5029.68
780|1056|4|5|4871.18
780|1056|5|6|4380.95
780|1056|6|8|6435.8
780|1056|7|8|5095.79
780|1056|8|10|6188.36
780|1056|9|11|5391.05
780|1056|10|12|5000.19
780|1056|11|13|5653.88
780|1056|12|14|4655.92
780|1056|13|15|4692.55
780|1056|14|16|5274.76
780|1056|15|17|4220.26
780|1056|16|17|4427.26
780|1056|17|18|4042.56
780|1056|18|19|3669.28
780|1056|19|20|3748.8
780|1056|20|21|3920.78
780|1056|21|23|5563.56
780|1056|22|24|4799.77
780|1056|23|24|4319.98
780|1056|24|26|5676.99
780|1056|25|26|5902.03
780|1056|26|28|4826.17
780|1056|27|28|5565.95
780|1056|28|29|5319.09
780|1056|29|31|4133.6
780|1056|30|32|4916.5
780|1056|31|33|5361.72
780|1056|32|33|5062.71
780|1056|33|35|4518.34
780|1056|34|36|4023.37
780|1056|35|37|4543.09
780|1056|36|37|5223.37
780|1056|37|38|5150.07
780|1056|38|39|4537.81
780|1056|39|41|4000.0
780|1056|40|42|5006.02
780|1056|41|42|5234.32
780|1056|42|43|4505.26
780|1056|43|45|4748.19
780|1056|44|45|4623.68
780|1056|45|46|5652.62
780|1056|46|48|4408.21
780|1056|47|48|4189.73
780|1056|48|49|4446.72
780|1056|49|50|4825.54
780|1056|50|52|4425.53
780|1056|51|1|6062.7
780|1056|52|1|5656.57
811|198|1|3|890.49
811|198|2|3|800.86
811|198|3|5|904.16
811|198|4|5|989.08
811|198|5|6|832.1
811|198|6|8|922.42
811|198|7|9|795.85
811|198|8|9|816.46
811|198|9|11|999.63
811|198|10|12|825.3
811|198|11|12|738.51
811|198|12|13|781.75
811|198|13|14|1002.16
811|198|14|15|932.98
811|198|15|17|1027.4
811|198|16|18|796.94
811|198|17|19|777.3
811|198|18|19|1125.81
811|198|19|20|1120.36
811|198|20|22|1037.88
811|198|21|23|764.84
811|198|22|24|974.54
811|198|23|24|1119.91
811|198|24|25|1012.74
811|198|25|26|1031.15
811|198|26|28|1015.52
811|198|27|29|1095.19
811|198|28|29|1003.53
811|198|29|31|1088.01
811|198|30|31|765.34
811|198|31|33|986.57
811|198|32|34|941.5
811|198|33|35|695.42
811|198|34|36|942.2
811|198|35|37|889.68
811|198|36|38|978.92
811|198|37|39|954.0
811|198|38|40|1065.82
811|198|39|41|1026.85
811|198|40|41|807.89
811|198|41|42|740.09
811|198|42|44|931.78
811|198|43|45|960.76
811|198|44|46|891.82
811|198|45|47|682.72
811|198|46|48|730.16
811|198|47|49|776.9
811|198|48|50|885.45
811|198|49|51|675.37
811|198|50|52|938.16
811|198|51|52|741.52
811|198|52|1|959.89
811|216|1|3|16.33
811|216|2|4|17.81
811|216|3|5|17.42
811|216|4|5|19.44
811|216|5|6|19.51
811|216|6|8|14.28
811|216|7|8|14.33
811|216|8|10|15.72
811|216|9|10|17.61
811|216|10|11|17.68
811|216|11|12|18.73
811|216|12|14|15.5
811|216|13|15|18.2
811|216|14|16|18.43
811|216|15|17|19.27
811|216|16|18|20.4
811|216|17|19|15.18
811|216|18|19|18.74
811|216|19|21|15.86
811|216|20|22|14.99
811|216|21|23|20.26
811|216|22|23|17.47
811|216|23|24|19.72
811|216|24|26|15.68
811|216|25|27|15.74
811|216|26|27|17.06
811|216|27|28|15.02
811|216|28|29|14.08
811|216|29|30|17.18
811|216|30|31|19.07
811|216|31|33|16.9
811|216|32|34|18.92
811|216|33|35|17.9
811|216|34|35|15.69
811|216|35|37|14.49
811|216|36|37|15.41
811|216|37|38|18.25
811|216|38|40|18.91
811|216|39|40|15.15
811|216|40|41|16.9
811|216|41|43|13.57
811|216|42|44|15.22
811|216|43|44|12.72
811|216|44|45|14.41
811|216|45|46|12.93
811|216|46|48|13.43
811|216|47|48|12.79
811|216|48|50|13.51
811|216|49|51|13.02
811|216|50|51|18.15
811|216|51|52|18.63
811|216|52|1|16.73
811|469|1|2|42.28
811|469|2|4|45.78
811|469|3|4|50.93
811|469|4|6|59.62
811|469|5|6|62.16
811|469|6|8|43.85
811|469|7|9|51.46
811|469|8|10|50.95
811|469|9|11|43.16
811|469|10|11|46.48
811|469|11|12|65.16
811|469|12|14|48.79
811|469|13|14|46.45
811|469|14|15|57.39
811|469|15|16|57.62
811|469|16|17|58.24
811|469|17|19|55.6
811|469|18|20|66.43
811|469|19|20|51.25
811|469|20|21|61.32
811|469|21|23|55.68
811|469|22|24|55.19
811|469|23|24|64.36
811|469|24|25|45.83
811|469|25|27|47.87
811|469|26|27|63.92
811|469|27|28|61.72
811|469|28|29|46.44
811|469|29|31|60.42
811|469|30|31|62.26
811|469|31|33|52.47
811|469|32|33|50.07
811|469|33|34|43.41
811|469|34|35|53.45
811|469|35|36|59.64
811|469|36|37|53.7
811|469|37|38|53.16
811|469|38|40|46.54
811|469|39|40|58.19
811|469|40|42|56.04
811|469|41|43|40.22
811|469|42|44|54.38
811|469|43|45|48.86
811|469|44|45|38.92
811|469|45|46|48.98
811|469|46|47|39.94
811|469|47|48|40.76
811|469|48|49|45.32
811|469|49|50|41.86
811|469|50|52|54.96
811|469|51|1|57.79
811|469|52|2|42.98
811|689|1|2|995.03
811|689|2|4|1006.59
811|689|3|5|1106.75
811|689|4|6|1109.76
811|689|5|7|1205.66
811|689|6|7|964.42
811|689|7|9|1091.18
811|689|8|9|907.78
811|689|9|11|1116.35
811|689|10|11|948.16
811|689|11|12|939.94
811|689|12|14|867.29
811|689|13|15|1173.67
811|689|14|15|1081.73
811|689|15|17|902.77
811|689|16|17|898.22
811|689|17|18|1128.94
811|689|18|19|1106.54
811|689|19|20|1102.7
811|689|20|21|1165.32
811|689|21|22|1019.92
811|689|22|23|944.94
811|689|23|25|1077.7
811|689|24|25|1072.23
811|689|25|26|1037.15
811|689|26|28|1149.71
811|689|27|29|1094.21
811|689|28|29|933.25
811|689|29|30|1246.8
811|689|30|31|998.46
811|689|31|33|817.26
811|689|32|33|942.15
811|689|33|35|1067.24
811|689|34|36|1119.09
811|689|35|36|1081.59
811|689|36|37|1113.13
811|689|37|38|937.53
811|689|38|40|1100.28
811|689|39|40|1142.29
811|689|40|42|970.59
811|689|41|43|759.0
811|689|42|44|807.18
811|689|43|45|783.52
811|689|44|45|992.22
811|689|45|46|957.95
811|689|46|47|795.38
811|689|47|48|1014.3
811|689|48|50|954.96
811|689|49|50|842.88
811|689|50|52|891.09
811|689|51|1|958.21
811|689|52|1|1084.55
811|780|1|2|2688.48
811|780|2|4|3694.17
811|780|3|4|3799.53
811|780|4|5|2604.56
811|780|5|7|3414.29
811|780|6|7|3529.18
811|780|7|8|3022.81
811|780|8|10|3233.78
811|780|9|11|3608.44
811|780|10|12|3589.48
811|780|11|13|3084.42
811|780|12|14|3321.08
811|780|13|14|2607.02
811|780|14|16|2904.55
811|780|15|17|4013.24
811|780|16|17|3721.99
811|780|17|19|3600.44
811|780|18|19|4134.02
811|780|19|21|3283.1
811|780|20|22|2883.27
811|780|21|23|2831.41
811|780|22|24|2846.31
811|780|23|24|3902.2
811|780|24|25|3502.87
811|780|25|27|3178.87
811|780|26|27|2837.15
811|780|27|29|3533.82
811|780|28|29|3135.48
811|780|29|31|3082.25
811|780|30|32|3076.5
811|780|31|33|3200.74
811|780|32|34|2730.6
811|780|33|34|2719.58
811|780|34|35|3337.58
811|780|35|37|3061.1
811|780|36|38|3268.33
811|780|37|38|3383.46
811|780|38|39|2667.43
811|780|39|40|2981.9
811|780|40|42|3103.29
811|780|41|42|3472.47
811|780|42|43|3133.43
811|780|43|44|3035.03
811|780|44|45|3283.77
811|780|45|46|3293.86
811|780|46|48|2822.57
811|780|47|48|2677.27
811|780|48|50|2978.79
811|780|49|51|3184.12
811|780|50|52|2854.15
811|780|51|52|3216.16
811|780|52|2|2527.36
811|963|1|3|1179.06
811|963|2|3|1084.55
811|963|3|5|974.03
811|963|4|6|1059.06
811|963|5|6|1073.35
811|963|6|7|945.92
811|963|7|9|1078.51
811|963|8|9|1090.75
811|963|9|11|913.76
811|963|10|12|924.73
811|963|11|12|897.45
811|963|12|13|962.57
811|963|13|15|1189.5
811|963|14|16|1266.11
811|963|15|17|1267.45
811|963|16|18|914.57
811|963|17|18|1208.43
811|963|18|20|1197.76
811|963|19|20|1073.69
811|963|20|22|1297.61
811|963|21|22|922.9
811|963|22|23|1068.74
811|963|23|24|1349.07
811|963|24|26|963.84
811|963|25|26|921.54
811|963|26|27|1065.21
811|963|27|28|994.6
811|963|28|30|1262.69
811|963|29|31|1185.48
811|963|30|31|1245.45
811|963|31|33|1059.55
811|963|32|33|846.49
811|963|33|34|958.62
811|963|34|36|899.11
811|963|35|37|936.04
811|963|36|38|837.7
811|963|37|39|1056.59
811|963|38|40|932.21
811|963|39|40|966.48
811|963|40|41|826.81
811|963|41|43|857.28
811|963|42|44|1112.69
811|963|43|45|1119.28
811|963|44|45|1107.12
811|963|45|47|953.35
811|963|46|47|1046.23
811|963|47|49|883.35
811|963|48|50|1045.8
811|963|49|50|1073.51
811|963|50|51|1025.67
811|963|51|52|1195.87
811|963|52|2|1053.18
811|1056|1|3|328.13
811|1056|2|4|312.99
811|1056|3|5|378.3
811|1056|4|6|269.4
811|1056|5|6|345.66
811|1056|6|8|294.68
811|1056|7|9|263.84
811|1056|8|9|295.68
811|1056|9|11|265.93
811|1056|10|11|266.53
811|1056|11|12|337.8
811|1056|12|14|365.63
811|1056|13|15|264.76
811|1056|14|16|249.25
811|1056|15|16|279.21
811|1056|16|17|315.68
811|1056|17|19|331.7
811|1056|18|19|376.18
811|1056|19|21|299.18
811|1056|20|21|268.39
811|1056|21|22|288.47
811|1056|22|24|310.48
811|1056|23|24|341.4
811|1056|24|26|308.33
811|1056|25|27|367.9
811|1056|26|27|258.56
811|1056|27|29|347.26
811|1056|28|29|340.59
811|1056|29|30|334.54
811|1056|30|31|346.07
811|1056|31|32|333.1
811|1056|32|34|296.24
811|1056|33|34|310.18
811|1056|34|35|330.27
811|1056|35|37|333.37
811|1056|36|37|291.98
811|1056|37|38|289.55
811|1056|38|39|284.41
811|1056|39|41|311.33
811|1056|40|41|228.13
811|1056|41|43|259.6
811|1056|42|43|326.74
811|1056|43|44|290.59
811|1056|44|46|288.37
811|1056|45|47|301.05
811|1056|46|48|238.99
811|1056|47|49|267.44
811|1056|48|50|306.51
811|1056|49|51|273.04
811|1056|50|51|243.33
811|1056|51|1|335.27
811|1056|52|2|287.07
963|72|1|2|123.4
963|72|2|4|111.2
963|72|3|5|135.16
963|72|4|5|125.96
963|72|5|7|129.64
963|72|6|8|115.95
963|72|7|9|116.37
963|72|8|9|132.17
963|72|9|10|113.31
963|72|10|12|89.75
963|72|11|12|99.65
963|72|12|14|115.84
963|72|13|15|88.03
963|72|14|15|77.89
963|72|15|16|87.93
963|72|16|18|69.55
963|72|17|18|83.63
963|72|18|19|111.38
963|72|19|20|104.32
963|72|20|22|93.07
963|72|21|22|100.81
963|72|22|23|86.78
963|72|23|25|109.79
963|72|24|26|96.91
963|72|25|26|131.98
963|72|26|28|98.47
963|72|27|29|102.15
963|72|28|29|122.62
963|72|29|30|124.32
963|72|30|31|115.31
963|72|31|33|104.74
963|72|32|33|109.84
963|72|33|35|116.83
963|72|34|35|101.58
963|72|35|36|135.1
963|72|36|38|148.83
963|72|37|38|121.88
963|72|38|40|135.94
963|72|39|41|102.25
963|72|40|42|93.19
963|72|41|43|119.7
963|72|42|44|93.68
963|72|43|45|84.91
963|72|44|46|106.86
963|72|45|46|123.73
963|72|46|47|129.32
963|72|47|49|112.7
963|72|48|49|113.76
963|72|49|51|121.26
963|72|50|52|94.73
963|72|51|52|107.75
963|72|52|2|130.7
963|198|1|3|25127.53
963|198|2|3|25558.19
963|198|3|5|31866.98
963|198|4|5|27627.81
963|198|5|7|23231.39
963|198|6|7|28887.99
963|198|7|8|27419.39
963|198|8|9|24118.34
963|198|9|10|27132.35
963|198|10|11|26586.19
963|198|11|13|26800.49
963|198|12|13|25948.01
963|198|13|14|28450.59
963|198|14|16|23828.63
963|198|15|16|24680.98
963|198|16|17|22834.81
963|198|17|19|25747.5
963|198|18|20|24315.48
963|198|19|21|23774.47
963|198|20|21|27758.88
963|198|21|23|27860.7
963|198|22|23|28150.58
963|198|23|25|30737.23
963|198|24|25|25212.81
963|198|25|27|31085.91
963|198|26|28|23902.96
963|198|27|28|30311.64
963|198|28|29|29590.0
963|198|29|30|21607.9
963|198|30|32|30564.46
963|198|31|33|22020.93
963|198|32|34|23091.48
963|198|33|34|21624.4
963|198|34|36|22067.24
963|198|35|36|22913.28
963|198|36|38|24855.73
963|198|37|38|28944.21
963|198|38|39|26994.9
963|198|39|40|25861.88
963|198|40|41|24177.17
963|198|41|43|24415.35
963|198|42|43|27304.74
963|198|43|45|32711.25
963|198|44|45|27729.94
963|198|45|47|24192.5
963|198|46|48|26731.06
963|198|47|48|30832.57
963|198|48|49|25421.73
963|198|49|51|31419.18
963|198|50|52|21696.08
963|198|51|1|28538.54
963|198|52|2|29716.7
963|216|1|2|0.96
963|216|2|3|1.01
963|216|3|5|1.22
963|216|4|5|1.26
963|216|5|7|1.17
963|216|6|7|1.14
963|216|7|8|1.0
963|216|8|9|1.25
963|216|9|11|1.07
963|216|10|12|1.08
963|216|11|12|0.83
963|216|12|14|1.02
963|216|13|15|0.8
963|216|14|15|1.15
963|216|15|17|0.85
963|216|16|17|1.02
963|216|17|19|1.13
963|216|18|20|0.83
963|216|19|20|1.1
963|216|20|22|1.13
963|216|21|23|1.07
963|216|22|24|1.19
963|216|23|24|1.01
963|216|24|25|1.15
963|216|25|26|0.93
963|216|26|28|0.83
963|216|27|28|0.92
963|216|28|29|1.01
963|216|29|30|0.83
963|216|30|31|0.9
963|216|31|32|0.79
963|216|32|33|0.91
963|216|33|35|0.79
963|216|34|36|0.8
963|216|35|36|0.99
963|216|36|37|0.95
963|216|37|38|0.82
963|216|38|40|1.06
963|216|39|40|0.85
963|216|40|42|0.94
963|216|41|43|0.83
963|216|42|43|1.15
963|216|43|44|1.03
963|216|44|46|1.11
963|216|45|46|0.99
963|216|46|47|0.91
963|216|47|49|0.95
963|216|48|49|0.99
963|216|49|50|0.98
963|216|50|51|0.91
963|216|51|1|0.96
963|216|52|1|1.08
963|258|1|3|18.49
963|258|2|3|22.9
963|258|3|5|18.53
963|258|4|6|19.26
963|258|5|6|25.53
963|258|6|7|23.42
963|258|7|9|19.1
963|258|8|10|24.73
963|258|9|10|24.98
963|258|10|11|18.35
963|258|11|13|21.64
963|258|12|14|19.92
963|258|13|15|17.62
963|258|14|16|16.77
963|258|15|17|13.96
963|258|16|18|12.49
963|258|17|19|15.29
963|258|18|20|14.74
963|258|19|20|18.21
963|258|20|21|20.04
963|258|21|22|20.62
963|258|22|23|18.55
963|258|23|24|22.16
963|258|24|26|18.04
963|258|25|26|22.33
963|258|26|28|16.17
963|258|27|28|23.98
963|258|28|30|23.83
963|258|29|31|22.86
963|258|30|31|22.47
963|258|31|33|20.73
963|258|32|34|18.36
963|258|33|34|17.66
963|258|34|35|22.62
963|258|35|37|19.12
963|258|36|37|23.42
963|258|37|38|18.09
963|258|38|40|18.5
963|258|39|41|18.64
963|258|40|42|17.65
963|258|41|42|20.54
963|258|42|43|15.09
963|258|43|45|15.96
963|258|44|45|16.45
963|258|45|46|15.56
963|258|46|48|20.91
963|258|47|49|19.52
963|258|48|50|15.59
963|258|49|51|23.66
963|258|50|51|17.15
963|258|51|52|16.33
963|258|52|2|20.47
963|469|1|3|39342.6
963|469|2|3|44624.61
963|469|3|4|44421.0
963|469|4|5|35226.15
963|469|5|6|38693.96
963|469|6|8|37610.85
963|469|7|8|45047.57
963|469|8|10|37820.59
963|469|9|10|41647.41
963|469|10|12|32818.85
963|469|11|13|40947.69
963|469|12|14|37634.92
963|469|13|14|34394.73
963|469|14|15|34131.95
963|469|15|16|32117.26
963|469|16|17|30819.23
963|469|17|19|41278.57
963|469|18|19|39493.36
963|469|19|20|41800.94
963|469|20|21|37115.28
963|469|21|22|41303.94
963|469|22|23|44756.53
963|469|23|24|43617.21
963|469|24|25|42026.02
963|469|25|27|42824.66
963|469|26|28|38085.69
963|469|27|29|41257.34
963|469|28|30|37809.83
963|469|29|31|37375.71
963|469|30|31|34259.97
963|469|31|33|31724.69
963|469|32|33|36015.37
963|469|33|34|32495.35
963|469|34|35|32751.51
963|469|35|36|27727.89
963|469|36|37|35381.47
963|469|37|38|39236.55
963|469|38|39|31116.41
963|469|39|40|33285.43
963|469|40|42|38775.88
963|469|41|42|43732.54
963|469|42|44|43376.65
963|469|43|45|37636.42
963|469|44|45|41237.85
963|469|45|47|32783.36
963|469|46|47|38573.24
963|469|47|49|43319.87
963|469|48|49|31864.41
963|469|49|50|35028.47
963|469|50|52|38776.66
963|469|51|52|44459.75
963|469|52|1|41073.13
963|689|1|3|26527.66
963|689|2|3|33394.24
963|689|3|5|24438.41
963|689|4|5|28159.21
963|689|5|6|31750.1
963|689|6|8|32138.36
963|689|7|9|33627.32
963|689|8|9|25332.3
963|689|9|10|34325.09
963|689|10|11|26465.72
963|689|11|12|25280.72
963|689|12|14|22270.19
963|689|13|14|30066.82
963|689|14|15|26138.18
963|689|15|17|27208.74
963|689|16|18|24950.57
963|689|17|18|26775.95
963|689|18|20|29062.33
963|689|19|20|22699.35
963|689|20|21|29543.68
963|689|21|23|24377.22
963|689|22|23|24196.94
963|689|23|24|27912.69
963|689|24|26|23321.61
963|689|25|27|33042.97
963|689|26|27|24971.33
963|689|27|28|23449.82
963|689|28|29|28655.4
963|689|29|31|23700.84
963|689|30|32|24312.9
963|689|31|32|25736.02
963|689|32|33|27608.77
963|689|33|34|28737.16
963|689|34|36|24836.45
963|689|35|37|21873.78
963|689|36|37|22852.75
963|689|37|39|21265.89
963|689|38|40|24527.31
963|689|39|41|21136.81
963|689|40|41|21450.13
963|689|41|43|27926.33
963|689|42|44|33963.12
963|689|43|44|32303.88
963|689|44|45|26369.66
963|689|45|47|24685.41
963|689|46|48|26952.77
963|689|47|48|33186.65
963|689|48|49|25942.36
963|689|49|50|24367.27
963|689|50|52|33185.65
963|689|51|1|30574.48
963|689|52|2|30238.91
963|811|1|3|6634.04
963|811|2|4|6211.44
963|811|3|4|5486.97
963|811|4|5|6685.07
963|811|5|6|7108.58
963|811|6|7|6571.84
963|811|7|8|6052.49
963|811|8|10|7541.88
963|811|9|10|5072.7
963|811|10|12|4560.53
963|811|11|13|5714.04
963|811|12|13|4472.53
963|811|13|14|4308.89
963|811|14|16|4976.39
963|811|15|16|4390.28
963|811|16|17|3275.88
963|811|17|18|4309.75
963|811|18|19|4431.47
963|811|19|20|5144.45
963|811|20|22|4650.33
963|811|21|22|4318.15
963|811|22|24|4892.08
963|811|23|25|5497.82
963|811|24|26|5092.91
963|811|25|27|6204.27
963|811|26|28|5088.97
963|811|27|28|6824.39
963|811|28|29|6539.14
963|811|29|30|6734.62
963|811|30|31|6487.96
963|811|31|32|6870.08
963|811|32|34|6275.98
963|811|33|34|5850.11
963|811|34|35|6054.11
963|811|35|37|6369.06
963|811|36|38|6611.63
963|811|37|39|5755.27
963|811|38|40|6356.93
963|811|39|40|6689.14
963|811|40|41|5676.32
963|811|41|43|5820.27
963|811|42|43|4846.09
963|811|43|45|5214.35
963|811|44|46|5923.49
963|811|45|46|6573.41
963|811|46|48|5874.31
963|811|47|48|6193.51
963|811|48|50|4860.81
963|811|49|51|4956.93
963|811|50|51|5693.95
963|811|51|1|6703.48
963|811|52|1|6898.84
963|1056|1|2|3206.29
963|1056|2|4|3269.06
963|1056|3|5|4185.56
963|1056|4|6|3532.74
963|1056|5|7|3763.71
963|1056|6|8|4135.36
963|1056|7|9|3663.99
963|1056|8|10|3600.55
963|1056|9|11|4188.68
963|1056|10|12|3141.89
963|1056|11|13|3241.31
963|1056|12|14|3287.8
963|1056|13|14|3275.82
963|1056|14|16|2835.55
963|1056|15|17|2611.33
963|1056|16|17|2566.05
963|1056|17|18|2815.09
963|1056|18|19|2756.45
963|1056|19|21|2557.0
963|1056|20|21|2648.0
963|1056|21|22|2782.18
963|1056|22|23|2854.82
963|1056|23|24|3931.15
963|1056|24|25|3198.76
963|1056|25|27|3884.52
963|1056|26|28|3286.4
963|1056|27|29|3919.69
963|1056|28|30|3427.21
963|1056|29|31|2579.76
963|1056|30|31|3580.55
963|1056|31|32|3678.79
963|1056|32|34|3021.04
963|1056|33|34|3537.41
963|1056|34|35|3433.42
963|1056|35|36|3176.31
963|1056|36|37|3237.72
963|1056|37|39|3090.21
963|1056|38|40|2699.29
963|1056|39|40|3628.64
963|1056|40|41|3625.0
963|1056|41|43|3088.59
963|1056|42|43|3323.74
963|1056|43|44|3739.26
963|1056|44|45|2827.4
963|1056|45|46|3682.19
963|1056|46|47|2624.84
963|1056|47|49|3519.38
963|1056|48|49|3482.83
963|1056|49|51|3797.22
963|1056|50|51|2725.72
963|1056|51|52|3678.53
963|1056|52|1|2784.88
1056|72|1|3|50.98
1056|72|2|4|76.07
1056|72|3|5|59.29
1056|72|4|6|72.86
1056|72|5|6|69.15
1056|72|6|7|72.17
1056|72|7|8|59.62
1056|72|8|9|62.99
1056|72|9|11|61.01
1056|72|10|12|54.7
1056|72|11|12|61.33
1056|72|12|14|46.48
1056|72|13|15|58.81
1056|72|14|16|37.26
1056|72|15|16|49.26
1056|72|16|18|34.66
1056|72|17|18|42.04
1056|72|18|20|43.53
1056|72|19|21|57.62
1056|72|20|21|60.29
1056|72|21|22|49.07
1056|72|22|24|53.13
1056|72|23|24|58.79
1056|72|24|25|51.93
1056|72|25|26|60.26
1056|72|26|28|46.07
1056|72|27|28|59.64
1056|72|28|30|65.17
1056|72|29|30|59.37
1056|72|30|31|53.97
1056|72|31|33|48.88
1056|72|32|33|52.48
1056|72|33|35|55.68
1056|72|34|36|59.97
1056|72|35|36|67.33
1056|72|36|38|69.59
1056|72|37|38|49.3
1056|72|38|40|48.24
1056|72|39|40|50.13
1056|72|40|41|43.21
1056|72|41|42|42.61
1056|72|42|44|52.88
1056|72|43|44|57.58
1056|72|44|45|41.89
1056|72|45|46|58.41
1056|72|46|47|49.92
1056|72|47|48|58.24
1056|72|48|49|56.85
1056|72|49|50|58.62
1056|72|50|52|44.51
1056|72|51|52|52.77
1056|72|52|1|57.99
1056|258|1|2|0.0
1056|258|2|3|0.0
1056|258|3|4|0.0
1056|258|4|5|0.0
1056|258|5|6|0.0
1056|258|6|8|0.0
1056|258|7|8|0.0
1056|258|8|10|0.0
1056|258|9|10|0.0
1056|258|10|11|0.0
1056|258|11|13|0.0
1056|258|12|14|0.0
1056|258|13|14|0.0
1056|258|14|15|0.0
1056|258|15|16|0.0
1056|258|16|18|0.0
1056|258|17|18|0.0
1056|258|18|20|0.0
1056|258|19|20|0.0
1056|258|20|22|0.0
1056|258|21|22|0.0
1056|258|22|24|0.0
1056|258|23|25|0.0
1056|258|24|25|0.0
1056|258|25|27|0.0
1056|258|26|27|0.0
1056|258|27|29|0.0
1056|258|28|29|0.0
1056|258|29|30|0.0
1056|258|30|32|0.0
1056|258|31|32|0.0
1056|258|32|34|0.0
1056|258|33|35|0.0
1056|258|34|36|0.0
1056|258|35|37|0.0
1056|258|36|37|0.0
1056|258|37|39|0.0
1056|258|38|39|0.0
1056|258|39|41|0.0
1056|258|40|42|0.0
1056|258|41|43|0.0
1056|258|42|43|0.0
1056|258|43|45|0.0
1056|258|44|46|0.0
1056|258|45|47|0.0
1056|258|46|47|0.0
1056|258|47|48|0.0
1056|258|48|50|0.0
1056|258|49|50|0.0
1056|258|50|51|0.0
1056|258|51|52|0.0
1056|258|52|2|0.0
1056|780|1|3|6404.95
1056|780|2|3|8861.05
1056|780|3|5|8069.6
1056|780|4|6|8034.56
1056|780|5|6|8598.08
1056|780|6|8|7093.39
1056|780|7|9|6734.68
1056|780|8|9|6982.16
1056|780|9|11|6525.64
1056|780|10|12|5952.2
1056|780|11|12|7503.58
1056|780|12|14|6132.9
1056|780|13|14|7812.45
1056|780|14|16|6233.11
1056|780|15|17|6242.46
1056|780|16|17|8132.04
1056|780|17|19|8114.02
1056|780|18|19|6021.64
1056|780|19|21|6477.17
1056|780|20|21|5800.4
1056|780|21|23|7721.32
1056|780|22|24|6917.58
1056|780|23|25|9498.73
1056|780|24|25|8437.36
1056|780|25|26|8388.46
1056|780|26|27|6387.55
1056|780|27|28|8241.17
1056|780|28|30|6042.33
1056|780|29|31|7744.96
1056|780|30|31|7081.52
1056|780|31|32|8078.97
1056|780|32|34|5959.34
1056|780|33|34|6104.15
1056|780|34|35|5849.94
1056|780|35|37|7471.93
1056|780|36|38|6601.93
1056|780|37|39|7954.05
1056|780|38|40|7085.64
1056|780|39|41|6590.24
1056|780|40|42|7821.36
1056|780|41|42|6516.89
1056|780|42|43|6126.43
1056|780|43|45|6620.33
1056|780|44|46|7598.19
1056|780|45|47|7092.11
1056|780|46|48|7433.3
1056|780|47|48|8145.6
1056|780|48|49|8771.84
1056|780|49|50|6998.31
1056|780|50|51|8730.38
1056|780|51|52|8581.2
1056|780|52|1|9093.97
1056|811|1|3|7141.27
1056|811|2|3|7291.91
1056|811|3|5|5240.35
1056|811|4|5|7443.88
1056|811|5|7|7525.3
1056|811|6|8|7358.67
1056|811|7|8|6541.4
1056|811|8|10|7482.0
1056|811|9|11|6426.44
1056|811|10|12|5772.63
1056|811|11|12|5392.76
1056|811|12|13|5654.41
1056|811|13|14|5172.73
1056|811|14|15|5205.79
1056|811|15|17|4930.53
1056|811|16|18|3370.68
1056|811|17|18|4061.87
1056|811|18|19|5725.7
1056|811|19|20|4981.6
1056|811|20|21|4722.2
1056|811|21|22|5585.9
1056|811|22|24|6302.21
1056|811|23|24|6124.54
1056|811|24|26|6531.69
1056|811|25|27|5442.0
1056|811|26|28|6284.8
1056|811|27|29|6899.3
1056|811|28|29|4777.89
1056|811|29|31|6479.65
1056|811|30|31|6103.16
1056|811|31|32|6516.31
1056|811|32|34|6230.5
1056|811|33|35|5861.36
1056|811|34|36|4838.37
1056|811|35|36|5487.98
1056|811|36|37|5965.63
1056|811|37|39|5226.06
1056|811|38|40|6497.03
1056|811|39|40|6713.82
1056|811|40|41|5287.63
1056|811|41|43|5626.67
1056|811|42|44|4353.48
1056|811|43|44|5790.57
1056|811|44|45|5547.38
1056|811|45|47|6524.32
1056|811|46|47|6135.06
1056|811|47|49|5758.48
1056|811|48|50|5393.75
1056|811|49|51|5449.71
1056|811|50|52|5482.06
1056|811|51|52|4921.54
1056|811|52|1|6005.08
1056|963|1|2|57240.83
1056|963|2|4|63363.82
1056|963|3|4|49750.46
1056|963|4|6|48289.95
1056|963|5|6|57707.02
1056|963|6|8|59072.23
1056|963|7|8|48651.04
1056|963|8|10|61218.45
1056|963|9|10|62043.04
1056|963|10|11|46049.81
1056|963|11|13|48134.58
1056|963|12|13|55248.57
1056|963|13|15|43305.58
1056|963|14|16|52323.26
1056|963|15|16|49306.28
1056|963|16|17|41617.38
1056|963|17|18|49926.19
1056|963|18|19|56562.33
1056|963|19|21|44693.33
1056|963|20|22|54660.35
1056|963|21|22|50761.09
1056|963|22|24|44841.33
1056|963|23|25|59924.95
1056|963|24|26|62281.78
1056|963|25|27|45522.21
1056|963|26|28|41120.19
1056|963|27|29|55568.9
1056|963|28|30|45254.27
1056|963|29|30|44542.85
1056|963|30|31|45892.88
1056|963|31|32|49953.14
1056|963|32|34|49343.63
1056|963|33|35|52990.38
1056|963|34|35|44715.23
1056|963|35|37|39058.33
1056|963|36|37|51597.67
1056|963|37|38|47242.19
1056|963|38|40|41893.81
1056|963|39|40|46088.92
1056|963|40|42|56720.66
1056|963|41|42|57377.86
1056|963|42|43|42082.9
1056|963|43|44|55327.59
1056|963|44|46|43114.31
1056|963|45|47|54812.3
1056|963|46|48|55579.78
1056|963|47|48|42264.16
1056|963|48|49|55801.41
1056|963|49|51|53674.85
1056|963|50|51|48948.39
1056|963|51|52|48599.39
1056|963|52|2|53376.77
